"source_text","summary","summary_type"
"宏观经济点评：增长的盛夏 就业的寒冬。美国第三季度GDP延迟近两个月后公布，环比折年率录得4.3%，高于3.3%的预期；同比增速回升至2.3%，但仍低于去年同期2.8%。报告显示，在7-9月经济数据几乎明牌的情况下，GDP仍超出市场和联储预期。结构上，居民消费和净出口分别贡献2.4和1.6个百分点，但消费存在分化和高估，净出口延续抢进口余波，投资中AI与非AI分化加大。报告重点关注非顺周期增长强劲与顺周期疲软、广义消费强劲与狭义消费疲软、增长强劲与就业疲弱。作者认为增长质量没有表观数字强，就业疲软尚未见拐点，货币政策仍需向鸽派方向倾斜。风险包括特朗普政策不确定性、全球经济受关税影响、技术突破带来制造业回流、数据测算误差。","美国GDP超预期，但增长质量和就业分化更值得看，宏观政策取向或仍偏鸽，适合快速了解美国经济主线。","ai_lead_read"
"宏观经济点评：增长的盛夏 就业的寒冬。美国第三季度GDP延迟近两个月后公布，环比折年率录得4.3%，高于3.3%的预期；同比增速回升至2.3%，但仍低于去年同期2.8%。报告显示，在7-9月经济数据几乎明牌的情况下，GDP仍超出市场和联储预期。结构上，居民消费和净出口分别贡献2.4和1.6个百分点，但消费存在分化和高估，净出口延续抢进口余波，投资中AI与非AI分化加大。报告重点关注非顺周期增长强劲与顺周期疲软、广义消费强劲与狭义消费疲软、增长强劲与就业疲弱。作者认为增长质量没有表观数字强，就业疲软尚未见拐点，货币政策仍需向鸽派方向倾斜。风险包括特朗普政策不确定性、全球经济受关税影响、技术突破带来制造业回流、数据测算误差。","美国经济强势复苏，建议立即布局受益资产，把握降息前的确定性机会。","ai_lead_read"
"宏观经济点评：增长的盛夏 就业的寒冬。美国第三季度GDP延迟近两个月后公布，环比折年率录得4.3%，高于3.3%的预期；同比增速回升至2.3%，但仍低于去年同期2.8%。报告显示，在7-9月经济数据几乎明牌的情况下，GDP仍超出市场和联储预期。结构上，居民消费和净出口分别贡献2.4和1.6个百分点，但消费存在分化和高估，净出口延续抢进口余波，投资中AI与非AI分化加大。报告重点关注非顺周期增长强劲与顺周期疲软、广义消费强劲与狭义消费疲软、增长强劲与就业疲弱。作者认为增长质量没有表观数字强，就业疲软尚未见拐点，货币政策仍需向鸽派方向倾斜。风险包括特朗普政策不确定性、全球经济受关税影响、技术突破带来制造业回流、数据测算误差。","核心看点：1、GDP超预期；2、消费出口支撑；3、就业疲弱未改；4、政策或偏鸽。","key_points"
"宏观经济点评：增长的盛夏 就业的寒冬。美国第三季度GDP延迟近两个月后公布，环比折年率录得4.3%，高于3.3%的预期；同比增速回升至2.3%，但仍低于去年同期2.8%。报告显示，在7-9月经济数据几乎明牌的情况下，GDP仍超出市场和联储预期。结构上，居民消费和净出口分别贡献2.4和1.6个百分点，但消费存在分化和高估，净出口延续抢进口余波，投资中AI与非AI分化加大。报告重点关注非顺周期增长强劲与顺周期疲软、广义消费强劲与狭义消费疲软、增长强劲与就业疲弱。作者认为增长质量没有表观数字强，就业疲软尚未见拐点，货币政策仍需向鸽派方向倾斜。风险包括特朗普政策不确定性、全球经济受关税影响、技术突破带来制造业回流、数据测算误差。","核心看点：1、宏观经济点评：增长的盛夏 就业的寒冬；2、本文认为美国经济未来发展空间巨大；3、投资者应重点关注相关机会。","key_points"
"宏观经济点评：增长的盛夏 就业的寒冬。美国第三季度GDP延迟近两个月后公布，环比折年率录得4.3%，高于3.3%的预期；同比增速回升至2.3%，但仍低于去年同期2.8%。报告显示，在7-9月经济数据几乎明牌的情况下，GDP仍超出市场和联储预期。结构上，居民消费和净出口分别贡献2.4和1.6个百分点，但消费存在分化和高估，净出口延续抢进口余波，投资中AI与非AI分化加大。报告重点关注非顺周期增长强劲与顺周期疲软、广义消费强劲与狭义消费疲软、增长强劲与就业疲弱。作者认为增长质量没有表观数字强，就业疲软尚未见拐点，货币政策仍需向鸽派方向倾斜。风险包括特朗普政策不确定性、全球经济受关税影响、技术突破带来制造业回流、数据测算误差。","美国GDP超预期但就业疲弱，政策或偏鸽。","one_sentence"
"宏观经济点评：增长的盛夏 就业的寒冬。美国第三季度GDP延迟近两个月后公布，环比折年率录得4.3%，高于3.3%的预期；同比增速回升至2.3%，但仍低于去年同期2.8%。报告显示，在7-9月经济数据几乎明牌的情况下，GDP仍超出市场和联储预期。结构上，居民消费和净出口分别贡献2.4和1.6个百分点，但消费存在分化和高估，净出口延续抢进口余波，投资中AI与非AI分化加大。报告重点关注非顺周期增长强劲与顺周期疲软、广义消费强劲与狭义消费疲软、增长强劲与就业疲弱。作者认为增长质量没有表观数字强，就业疲软尚未见拐点，货币政策仍需向鸽派方向倾斜。风险包括特朗普政策不确定性、全球经济受关税影响、技术突破带来制造业回流、数据测算误差。","本文认为宏观经济变化值得关注。","one_sentence"
"宏观经济点评：增长的盛夏 就业的寒冬。美国第三季度GDP延迟近两个月后公布，环比折年率录得4.3%，高于3.3%的预期；同比增速回升至2.3%，但仍低于去年同期2.8%。报告显示，在7-9月经济数据几乎明牌的情况下，GDP仍超出市场和联储预期。结构上，居民消费和净出口分别贡献2.4和1.6个百分点，但消费存在分化和高估，净出口延续抢进口余波，投资中AI与非AI分化加大。报告重点关注非顺周期增长强劲与顺周期疲软、广义消费强劲与狭义消费疲软、增长强劲与就业疲弱。作者认为增长质量没有表观数字强，就业疲软尚未见拐点，货币政策仍需向鸽派方向倾斜。风险包括特朗普政策不确定性、全球经济受关税影响、技术突破带来制造业回流、数据测算误差。","研究对象：美国第三季度GDP与就业分化。核心结论：GDP环比折年率4.3%超预期，但增长质量弱于表观，就业疲软未见拐点，货币政策或仍需偏鸽。三大支撑：1、消费贡献2.4个百分点；2、净出口贡献1.6个百分点；3、AI与非AI投资分化加大。潜在风险：1、政策不确定性加大；2、全球经济受关税影响；3、数据测算存在误差。","ai_quick_read_60s"
"宏观经济点评：增长的盛夏 就业的寒冬。美国第三季度GDP延迟近两个月后公布，环比折年率录得4.3%，高于3.3%的预期；同比增速回升至2.3%，但仍低于去年同期2.8%。报告显示，在7-9月经济数据几乎明牌的情况下，GDP仍超出市场和联储预期。结构上，居民消费和净出口分别贡献2.4和1.6个百分点，但消费存在分化和高估，净出口延续抢进口余波，投资中AI与非AI分化加大。报告重点关注非顺周期增长强劲与顺周期疲软、广义消费强劲与狭义消费疲软、增长强劲与就业疲弱。作者认为增长质量没有表观数字强，就业疲软尚未见拐点，货币政策仍需向鸽派方向倾斜。风险包括特朗普政策不确定性、全球经济受关税影响、技术突破带来制造业回流、数据测算误差。","研究对象：美国经济。核心结论：美国GDP大超预期，经济全面复苏，降息交易确定受益。三大支撑：1、消费强劲；2、出口强劲。潜在风险：无明显风险。","ai_quick_read_60s"
"宏观经济点评：增长的盛夏 就业的寒冬。美国第三季度GDP延迟近两个月后公布，环比折年率录得4.3%，高于3.3%的预期；同比增速回升至2.3%，但仍低于去年同期2.8%。报告显示，在7-9月经济数据几乎明牌的情况下，GDP仍超出市场和联储预期。结构上，居民消费和净出口分别贡献2.4和1.6个百分点，但消费存在分化和高估，净出口延续抢进口余波，投资中AI与非AI分化加大。报告重点关注非顺周期增长强劲与顺周期疲软、广义消费强劲与狭义消费疲软、增长强劲与就业疲弱。作者认为增长质量没有表观数字强，就业疲软尚未见拐点，货币政策仍需向鸽派方向倾斜。风险包括特朗普政策不确定性、全球经济受关税影响、技术突破带来制造业回流、数据测算误差。","一、GDP表现：美国第三季度GDP延迟近两个月后公布，环比折年率录得4.3%，高于3.3%的预期；同比增速回升至2.3%，但仍低于去年同期2.8%。二、结构特征：居民消费和净出口分别贡献2.4和1.6个百分点，但消费存在分化和高估，净出口延续抢进口余波，投资中AI与非AI分化加大。三、政策判断：增长质量没有表观数字强，就业疲软尚未见拐点，货币政策仍需向鸽派方向倾斜。四、风险提示：政策不确定性、全球经济受关税影响、技术突破带来制造业回流、数据测算误差。","structured_layout"
"宏观经济点评：增长的盛夏 就业的寒冬。美国第三季度GDP延迟近两个月后公布，环比折年率录得4.3%，高于3.3%的预期；同比增速回升至2.3%，但仍低于去年同期2.8%。报告显示，在7-9月经济数据几乎明牌的情况下，GDP仍超出市场和联储预期。结构上，居民消费和净出口分别贡献2.4和1.6个百分点，但消费存在分化和高估，净出口延续抢进口余波，投资中AI与非AI分化加大。报告重点关注非顺周期增长强劲与顺周期疲软、广义消费强劲与狭义消费疲软、增长强劲与就业疲弱。作者认为增长质量没有表观数字强，就业疲软尚未见拐点，货币政策仍需向鸽派方向倾斜。风险包括特朗普政策不确定性、全球经济受关税影响、技术突破带来制造业回流、数据测算误差。","一、美国经济全面转强：美国第三季度GDP显示经济已经进入新一轮繁荣周期，未来降息将显著推升全球风险资产。二、投资机会：建议投资者积极配置美元资产和美股科技龙头，把握政策转向带来的收益。三、风险提示：风险有限。","structured_layout"
"宏观经济点评：增长的盛夏 就业的寒冬。美国第三季度GDP延迟近两个月后公布，环比折年率录得4.3%，高于3.3%的预期；同比增速回升至2.3%，但仍低于去年同期2.8%。报告显示，在7-9月经济数据几乎明牌的情况下，GDP仍超出市场和联储预期。结构上，居民消费和净出口分别贡献2.4和1.6个百分点，但消费存在分化和高估，净出口延续抢进口余波，投资中AI与非AI分化加大。报告重点关注非顺周期增长强劲与顺周期疲软、广义消费强劲与狭义消费疲软、增长强劲与就业疲弱。作者认为增长质量没有表观数字强，就业疲软尚未见拐点，货币政策仍需向鸽派方向倾斜。风险包括特朗普政策不确定性、全球经济受关税影响、技术突破带来制造业回流、数据测算误差。","这篇宏观点评像一部冷热交错的群像片：表层是增长数据的亮色，深处却是就业与需求的阴影。作者没有急着把强劲增长包装成单向乐观，而是把消费、出口、投资的分化逐层拆开，让读者看到繁荣表象下的裂缝。它的价值不在结论刺激，而在提醒人们别被单一数字带走判断。","review_style_summary"
"宏观经济点评：增长的盛夏 就业的寒冬。美国第三季度GDP延迟近两个月后公布，环比折年率录得4.3%，高于3.3%的预期；同比增速回升至2.3%，但仍低于去年同期2.8%。报告显示，在7-9月经济数据几乎明牌的情况下，GDP仍超出市场和联储预期。结构上，居民消费和净出口分别贡献2.4和1.6个百分点，但消费存在分化和高估，净出口延续抢进口余波，投资中AI与非AI分化加大。报告重点关注非顺周期增长强劲与顺周期疲软、广义消费强劲与狭义消费疲软、增长强劲与就业疲弱。作者认为增长质量没有表观数字强，就业疲软尚未见拐点，货币政策仍需向鸽派方向倾斜。风险包括特朗普政策不确定性、全球经济受关税影响、技术突破带来制造业回流、数据测算误差。","这篇报告给出2026年降息交易的清晰主线，GDP 4.3%证明美国经济韧性极强，建议增持美股和美元资产，目标价有望继续上修。","review_style_summary"
